"Vocacao","Magia","Words","SpellId","LevelConfigurado","LevelValidado","MagicLevel","Mana","Cooldown","GroupCooldown","ValidacaoAdicional","DuplicidadeWords","DuplicidadeId","ProblemaEncontrado","CorrecaoFeita","Arquivo"
"","candy horror wave","###9700",,"0","0","0","0","","","False","","","Nenhum","Nenhuma","C:\otserv\data\scripts\spells\attack\candy_horror_wave.lua"
"","Heal Malice","#####462",,"0","0","0","0","","","False","","","Nenhum","Nenhuma","C:\otserv\data\scripts\spells\healing\heal_malice.lua"
"","Heal Monster","#####458",,"0","0","0","0","","","False","","","Nenhum","Nenhuma","C:\otserv\data\scripts\spells\healing\heal_monsters.lua"
"","Heal Monster 9x9","#####459",,"0","0","0","0","","","False","","","Nenhum","Nenhuma","C:\otserv\data\scripts\spells\healing\heal_monsters_9x9.lua"
"","nibblemaw wave","###9701",,"0","0","0","0","""2000""","","False","","","Nenhum","Nenhuma","C:\otserv\data\scripts\spells\attack\nibblemaw_wave.lua"
"""druid;true"", ""elder druid;true""","Chill Out","exevo infir frigo hur","173","1","1","0","8","4 * 1000","2 * 1000","False","","","Nenhum","Nenhuma","C:\otserv\data\scripts\spells\attack\chill_out.lua"
"""druid;true"", ""elder druid;true""","Mud Attack","exori infir tera","174","1","1","0","6","2 * 1000","2 * 1000","False","","SIM","ID duplicado; pode afetar display/lista/hotkey do client, mas nao gera level insuficiente diretamente.","Nenhuma","C:\otserv\data\scripts\spells\attack\mud_attack.lua"
"""druid;true"", ""elder druid;true""","Food","exevo pan","42","14","14","0","120","2 * 1000","2 * 1000","False","","","Nenhum","Nenhuma","C:\otserv\data\scripts\spells\support\food.lua"
"""druid;true"", ""elder druid;true""","Cure Poison Rune","adana pox",,"15","15","0","200","2 * 1000","2 * 1000","False","","","Nenhum","Nenhuma","C:\otserv\data\scripts\spells\conjuring\cure_poison_rune.lua"
"""druid;true"", ""elder druid;true""","Intense Healing Rune","adura gran",,"15","15","0","120","2 * 1000","2 * 1000","False","","","Nenhum","Nenhuma","C:\otserv\data\scripts\spells\conjuring\intense_healing_rune.lua"
"""druid;true"", ""elder druid;true""","Convince Creature Rune","adeta sio",,"16","16","0","200","2 * 1000","2 * 1000","False","","","Nenhum","Nenhuma","C:\otserv\data\scripts\spells\conjuring\convince_creature_rune.lua"
"""druid;true"", ""elder druid;true""","Physical Strike","exori moe ico","148","16","16","0","20","2 * 1000","2 * 1000","False","","","Nenhum","Nenhuma","C:\otserv\data\scripts\spells\attack\physical_strike.lua"
"""druid;true"", ""elder druid;true""","Heal Friend","exura sio","84","18","18","0","120","1000","1000","False","","","Nenhum","Nenhuma","C:\otserv\data\scripts\spells\healing\heal_friend.lua"
"""druid;true"", ""elder druid;true""","Ice Wave","exevo frigo hur","121","18","18","0","25","4 * 1000","2 * 1000","False","","","Sem erro de level: Tibia original usa level 18; personagem level 11 deve receber mensagem de level insuficiente. Se o client mostrar 8, e divergencia de display/metadado do client ou confusao com outra magia.","Nenhuma alteracao no requisito; mantido original level 18.","C:\otserv\data\scripts\spells\attack\ice_wave.lua"
"""druid;true"", ""elder druid;true""","Cure Electrification","exana vis","146","22","22","0","30","6000","1000","False","","","Nenhum","Nenhuma","C:\otserv\data\scripts\spells\healing\cure_electrification.lua"
"""druid;true"", ""elder druid;true""","Ultimate Healing Rune","adura vita",,"24","24","0","400","2 * 1000","2 * 1000","False","","","Nenhum","Nenhuma","C:\otserv\data\scripts\spells\conjuring\ultimate_healing_rune.lua"
"""druid;true"", ""elder druid;true""","Poison Bomb Rune","adevo mas pox",,"25","25","0","520","2 * 1000","2 * 1000","False","","","Nenhum","Nenhuma","C:\otserv\data\scripts\spells\conjuring\poison_bomb_rune.lua"
"""druid;true"", ""elder druid;true""","Chameleon Rune","adevo ina",,"27","27","0","600","2 * 1000","2 * 1000","False","","","Nenhum","Nenhuma","C:\otserv\data\scripts\spells\conjuring\chameleon_rune.lua"
"""druid;true"", ""elder druid;true""","Wild Growth Rune","adevo grav vita",,"27","27","0","600","2 * 1000","2 * 1000","False","","","Nenhum","Nenhuma","C:\otserv\data\scripts\spells\conjuring\wild_growth_rune.lua"
"""druid;true"", ""elder druid;true""","Icicle Rune","adori frigo",,"28","28","0","460","2 * 1000","2 * 1000","False","","","Nenhum","Nenhuma","C:\otserv\data\scripts\spells\conjuring\icicle_rune.lua"
"""druid;true"", ""elder druid;true""","Stone Shower Rune","adori mas tera",,"28","28","0","430","2 * 1000","2 * 1000","False","","","Nenhum","Nenhuma","C:\otserv\data\scripts\spells\conjuring\stone_shower_rune.lua"
"""druid;true"", ""elder druid;true""","Avalanche Rune","adori mas frigo",,"30","30","0","530","2 * 1000","2 * 1000","False","","","Nenhum","Nenhuma","C:\otserv\data\scripts\spells\conjuring\avalanche_rune.lua"
"""druid;true"", ""elder druid;true""","Cure Burning","exana flam","145","30","30","0","30","6000","1000","False","","","Nenhum","Nenhuma","C:\otserv\data\scripts\spells\healing\cure_burning.lua"
"""druid;true"", ""elder druid;true""","Heal Party","utura mas sio","128","32","32","0","120","2 * 1000","2 * 1000","True","","","Nenhum","Nenhuma","C:\otserv\data\scripts\spells\party\heal_party.lua"
"""druid;true"", ""elder druid;true""","Mass Healing","exura gran mas res","82","36","36","0","150","2 * 1000","1 * 1000","True","","","Nenhum","Nenhuma","C:\otserv\data\scripts\spells\healing\mass_healing.lua"
"""druid;true"", ""elder druid;true""","Terra Wave","exevo tera hur","120","38","38","0","170","4 * 1000","2 * 1000","False","","","Nenhum","Nenhuma","C:\otserv\data\scripts\spells\attack\terra_wave.lua"
"""druid;true"", ""elder druid;true""","Strong Ice Wave","exevo gran frigo hur","43","40","40","0","170","8 * 1000","2 * 1000","False","","","Nenhum","Nenhuma","C:\otserv\data\scripts\spells\attack\strong_ice_wave.lua"
"""druid;true"", ""elder druid;true""","Envenom","utori pox","142","50","50","0","30","40 * 1000","2 * 1000","False","","","Nenhum","Nenhuma","C:\otserv\data\scripts\spells\attack\envenom.lua"
"""druid;true"", ""elder druid;true""","Paralyze Rune","adana ani",,"54","54","0","1400","2 * 1000","2 * 1000","False","","","Nenhum","Nenhuma","C:\otserv\data\scripts\spells\conjuring\paralyze_rune.lua"
"""druid;true"", ""elder druid;true""","Wrath of Nature","exevo gran mas tera","56","55","55","0","700","40 * 1000","4 * 1000, 40 * 1000","False","","","Nenhum","Nenhuma","C:\otserv\data\scripts\spells\attack\wrath_of_nature.lua"
"""druid;true"", ""elder druid;true""","Eternal Winter","exevo gran mas frigo","118","60","60","0","1050","40 * 1000","4 * 1000, 40 * 1000","False","","","Nenhum","Nenhuma","C:\otserv\data\scripts\spells\attack\eternal_winter.lua"
"""druid;true"", ""elder druid;true""","Strong Terra Strike","exori gran tera","153","70","70","0","60","8 * 1000","2 * 1000, 8 * 1000","False","","","Nenhum","Nenhuma","C:\otserv\data\scripts\spells\attack\strong_terra_strike.lua"
"""druid;true"", ""elder druid;true""","Strong Ice Strike","exori gran frigo","152","80","80","0","60","8 * 1000","2 * 1000, 8 * 1000","False","","","Nenhum","Nenhuma","C:\otserv\data\scripts\spells\attack\strong_ice_strike.lua"
"""druid;true"", ""elder druid;true""","Ultimate Terra Strike","exori max tera","157","90","90","0","100","30 * 1000","2 * 1000, 30 * 1000","False","","","Nenhum","Nenhuma","C:\otserv\data\scripts\spells\attack\ultimate_terra_strike.lua"
"""druid;true"", ""elder druid;true""","Ultimate Ice Strike","exori max frigo","156","100","100","0","100","30 * 1000","2 * 1000, 30 * 1000","False","","","Nenhum","Nenhuma","C:\otserv\data\scripts\spells\attack\ultimate_ice_strike.lua"
"""druid;true"", ""elder druid;true""","Druid familiar","utevo gran res dru",,"200","200","0","3000","0","2 * 1000","False","","","Nenhum","Nenhuma","C:\otserv\data\scripts\spells\familiar\druid_familiar.lua"
"""druid;true"", ""elder druid;true""","Avatar of Nature","uteta res dru","267","300","300","0","2200","2 * 60 * 60 * 1000","2 * 1000","True","","","Nenhum","Nenhuma","C:\otserv\data\scripts\spells\support\avatar_of_nature.lua"
"""druid;true"", ""elder druid;true""","Ice Burst","exevo ulus frigo","262","300","300","0","230","22 * 1000","2 * 1000, 22 * 1000","True","","","Nenhum","Nenhuma","C:\otserv\data\scripts\spells\attack\ice_burst.lua"
"""druid;true"", ""elder druid;true""","Nature's Embrace","exura gran sio","242","300","300","0","400","60 * 1000","1 * 1000","True","","","Nenhum","Nenhuma","C:\otserv\data\scripts\spells\healing\nature's_embrace.lua"
"""druid;true"", ""elder druid;true""","Terra Burst","exevo ulus tera","263","300","300","0","230","22 * 1000","2 * 1000, 22 * 1000","True","","","Nenhum","Nenhuma","C:\otserv\data\scripts\spells\attack\terra_burst.lua"
"""druid;true"", ""elder druid;true"", ""knight;true"", ""elite knight;true""","Cure Bleeding","exana kor","144","45","45","0","30","6000","1000","False","","","Nenhum","Nenhuma","C:\otserv\data\scripts\spells\healing\cure_bleeding.lua"
"""druid;true"", ""elder druid;true"", ""knight;true"", ""elite knight;true"", ""paladin;true"", ""royal paladin;true"", ""sorcerer;true"", ""master sorcerer;true"", ""monk;true"", ""exalted monk;true""","Find Person","exiva","20","8","8","0","20","2 * 1000","2 * 1000","True","","SIM","ID duplicado; pode afetar display/lista/hotkey do client, mas nao gera level insuficiente diretamente.","Nenhuma","C:\otserv\data\scripts\spells\support\find_person.lua"
"""druid;true"", ""elder druid;true"", ""knight;true"", ""elite knight;true"", ""paladin;true"", ""royal paladin;true"", ""sorcerer;true"", ""master sorcerer;true"", ""monk;true"", ""exalted monk;true""","House Door List","aleta grav",,"8","8","0","0","2 * 1000","2 * 1000","True","","","Nenhum","Nenhuma","C:\otserv\data\scripts\spells\house\house_door_list.lua"
"""druid;true"", ""elder druid;true"", ""knight;true"", ""elite knight;true"", ""paladin;true"", ""royal paladin;true"", ""sorcerer;true"", ""master sorcerer;true"", ""monk;true"", ""exalted monk;true""","House Guest List","aleta sio",,"8","8","0","0","2 * 1000","2 * 1000","True","","","Nenhum","Nenhuma","C:\otserv\data\scripts\spells\house\house_guest_list.lua"
"""druid;true"", ""elder druid;true"", ""knight;true"", ""elite knight;true"", ""paladin;true"", ""royal paladin;true"", ""sorcerer;true"", ""master sorcerer;true"", ""monk;true"", ""exalted monk;true""","House Kick","alana sio",,"8","8","0","0","2 * 1000","2 * 1000","True","","","Nenhum","Nenhuma","C:\otserv\data\scripts\spells\house\house_kick.lua"
"""druid;true"", ""elder druid;true"", ""knight;true"", ""elite knight;true"", ""paladin;true"", ""royal paladin;true"", ""sorcerer;true"", ""master sorcerer;true"", ""monk;true"", ""exalted monk;true""","House Subowner List","aleta som",,"8","8","0","0","2 * 1000","2 * 1000","True","","","Nenhum","Nenhuma","C:\otserv\data\scripts\spells\house\house_subowner_list.lua"
"""druid;true"", ""elder druid;true"", ""knight;true"", ""elite knight;true"", ""paladin;true"", ""royal paladin;true"", ""sorcerer;true"", ""master sorcerer;true"", ""monk;true"", ""exalted monk;true""","Light","utevo lux","10","8","8","0","20","2 * 1000","2 * 1000","False","","","Nenhum","Nenhuma","C:\otserv\data\scripts\spells\support\light.lua"
"""druid;true"", ""elder druid;true"", ""knight;true"", ""elite knight;true"", ""paladin;true"", ""royal paladin;true"", ""sorcerer;true"", ""master sorcerer;true"", ""monk;true"", ""exalted monk;true""","Magic Rope","exani tera","76","9","9","0","20","2 * 1000","2 * 1000","True","","","Nenhum","Nenhuma","C:\otserv\data\scripts\spells\support\magic_rope.lua"
"""druid;true"", ""elder druid;true"", ""knight;true"", ""elite knight;true"", ""paladin;true"", ""royal paladin;true"", ""sorcerer;true"", ""master sorcerer;true"", ""monk;true"", ""exalted monk;true""","Cure Poison","exana pox","29","10","10","0","30","6000","1000","False","","","Nenhum","Nenhuma","C:\otserv\data\scripts\spells\healing\cure_poison.lua"
"""druid;true"", ""elder druid;true"", ""knight;true"", ""elite knight;true"", ""paladin;true"", ""royal paladin;true"", ""sorcerer;true"", ""master sorcerer;true"", ""monk;true"", ""exalted monk;true""","Levitate","exani hur","81","12","12","0","50","2 * 1000","2 * 1000","True","","","Nenhum","Nenhuma","C:\otserv\data\scripts\spells\support\levitate.lua"
"""druid;true"", ""elder druid;true"", ""knight;true"", ""elite knight;true"", ""paladin;true"", ""royal paladin;true"", ""sorcerer;true"", ""master sorcerer;true"", ""monk;true"", ""exalted monk;true""","Great Light","utevo gran lux","11","13","13","0","60","2 * 1000","2 * 1000","False","","","Nenhum","Nenhuma","C:\otserv\data\scripts\spells\support\great_light.lua"
"""druid;true"", ""elder druid;true"", ""knight;true"", ""elite knight;true"", ""paladin;true"", ""royal paladin;true"", ""sorcerer;true"", ""master sorcerer;true"", ""monk;true"", ""exalted monk;true""","Haste","utani hur","6","14","14","0","60","2 * 1000","2 * 1000","False","","","Nenhum","Nenhuma","C:\otserv\data\scripts\spells\support\haste.lua"
"""druid;true"", ""elder druid;true"", ""knight;true"", ""elite knight;true"", ""paladin;true"", ""royal paladin;true"", ""sorcerer;true"", ""master sorcerer;true"", ""monk;true"", ""exalted monk;true""","Find Fiend","exiva moe res","20","25","25","0","20","2 * 1000","2 * 1000","True","","SIM","ID duplicado; pode afetar display/lista/hotkey do client, mas nao gera level insuficiente diretamente.","Nenhuma","C:\otserv\data\scripts\spells\support\find_fiend.lua"
"""druid;true"", ""elder druid;true"", ""paladin;true"", ""royal paladin;true"", ""sorcerer;true"", ""master sorcerer;true""","Destroy Field Rune","adito grav",,"17","17","0","120","2 * 1000","2 * 1000","False","","","Nenhum","Nenhuma","C:\otserv\data\scripts\spells\conjuring\destroy_field_rune.lua"
"""druid;true"", ""elder druid;true"", ""paladin;true"", ""royal paladin;true"", ""sorcerer;true"", ""master sorcerer;true""","Disintegrate Rune","adito tera",,"21","21","0","200","2 * 1000","2 * 1000","False","","","Nenhum","Nenhuma","C:\otserv\data\scripts\spells\conjuring\disintegrate_rune.lua"
"""druid;true"", ""elder druid;true"", ""paladin;true"", ""royal paladin;true"", ""sorcerer;true"", ""master sorcerer;true"", ""monk;true"", ""exalted monk;true""","Magic Patch","exura infir","174","1","1","0","6","1 * 1000","1 * 1000","False","","SIM","ID duplicado; pode afetar display/lista/hotkey do client, mas nao gera level insuficiente diretamente.","Nenhuma","C:\otserv\data\scripts\spells\healing\magic_patch.lua"
"""druid;true"", ""elder druid;true"", ""paladin;true"", ""royal paladin;true"", ""sorcerer;true"", ""master sorcerer;true"", ""monk;true"", ""exalted monk;true""","Light Healing","exura","1","8","8","0","20","1000","1000","False","","","Nenhum","Nenhuma","C:\otserv\data\scripts\spells\healing\light_healing.lua"
"""druid;true"", ""elder druid;true"", ""paladin;true"", ""royal paladin;true"", ""sorcerer;true"", ""master sorcerer;true"", ""monk;true"", ""exalted monk;true""","Intense Healing","exura gran","2","20","20","0","70","1000","1000","False","","","Nenhum","Nenhuma","C:\otserv\data\scripts\spells\healing\intense_healing.lua"
"""druid;true"", ""elder druid;true"", ""sorcerer;true"", ""master sorcerer;true""","Light Stone Shower Rune","adori infir mas tera",,"1","1","0","6","2 * 1000","2 * 1000","False","","","Nenhum","Nenhuma","C:\otserv\data\scripts\spells\conjuring\light_stone_shower_rune.lua"
"""druid;true"", ""elder druid;true"", ""sorcerer;true"", ""master sorcerer;true""","Lightest Missile Rune","adori infir vis",,"1","1","0","6","2 * 1000","2 * 1000","False","","","Nenhum","Nenhuma","C:\otserv\data\scripts\spells\conjuring\lightest_missile_rune.lua"
"""druid;true"", ""elder druid;true"", ""sorcerer;true"", ""master sorcerer;true""","Apprentice's Strike","exori min flam","169","8","8","0","6","2 * 1000","2 * 1000","False","","SIM","ID duplicado; pode afetar display/lista/hotkey do client, mas nao gera level insuficiente diretamente.","Nenhuma","C:\otserv\data\scripts\spells\attack\apprentice's_strike.lua"
"""druid;true"", ""elder druid;true"", ""sorcerer;true"", ""master sorcerer;true""","Energy Strike","exori vis","88","12","12","0","20","2 * 1000","2 * 1000","False","","","Nenhum","Nenhuma","C:\otserv\data\scripts\spells\attack\energy_strike.lua"
"""druid;true"", ""elder druid;true"", ""sorcerer;true"", ""master sorcerer;true""","Terra Strike","exori tera","113","13","13","0","20","2 * 1000","2 * 1000","False","","","Nenhum","Nenhuma","C:\otserv\data\scripts\spells\attack\terra_strike.lua"
"""druid;true"", ""elder druid;true"", ""sorcerer;true"", ""master sorcerer;true""","Magic Shield","utamo vita","44","14","14","0","50","14 * 1000","2 * 1000","True","","","Nenhum","Nenhuma","C:\otserv\data\scripts\spells\support\magic_shield.lua"
"""druid;true"", ""elder druid;true"", ""sorcerer;true"", ""master sorcerer;true""","Poison Field Rune","adevo grav pox",,"14","14","0","200","2 * 1000","2 * 1000","False","","","Nenhum","Nenhuma","C:\otserv\data\scripts\spells\conjuring\poison_field_rune.lua"
"""druid;true"", ""elder druid;true"", ""sorcerer;true"", ""master sorcerer;true""","Fire Field Rune","adevo grav flam",,"15","15","0","240","2 * 1000","2 * 1000","False","","","Nenhum","Nenhuma","C:\otserv\data\scripts\spells\conjuring\fire_field_rune.lua"
"""druid;true"", ""elder druid;true"", ""sorcerer;true"", ""master sorcerer;true""","Light Magic Missile Rune","adori min vis",,"15","15","0","120","2 * 1000","2 * 1000","False","","","Nenhum","Nenhuma","C:\otserv\data\scripts\spells\conjuring\light_magic_missile_rune.lua"
"""druid;true"", ""elder druid;true"", ""sorcerer;true"", ""master sorcerer;true""","Energy Field Rune","adevo grav vis",,"18","18","0","320","2 * 1000","2 * 1000","False","","","Nenhum","Nenhuma","C:\otserv\data\scripts\spells\conjuring\energy_field_rune.lua"
"""druid;true"", ""elder druid;true"", ""sorcerer;true"", ""master sorcerer;true""","Creature Illusion","utevo res ina","38","23","23","0","100","2 * 1000","2 * 1000","True","","","Nenhum","Nenhuma","C:\otserv\data\scripts\spells\support\creature_illusion.lua"
"""druid;true"", ""elder druid;true"", ""sorcerer;true"", ""master sorcerer;true""","Stalagmite Rune","adori tera",,"24","24","0","350","2 * 1000","2 * 1000","False","","","Nenhum","Nenhuma","C:\otserv\data\scripts\spells\conjuring\stalagmite_rune.lua"
"""druid;true"", ""elder druid;true"", ""sorcerer;true"", ""master sorcerer;true""","Heavy Magic Missile Rune","adori vis",,"25","25","0","350","2 * 1000","2 * 1000","False","","","Nenhum","Nenhuma","C:\otserv\data\scripts\spells\conjuring\heavy_magic_missile_rune.lua"
"""druid;true"", ""elder druid;true"", ""sorcerer;true"", ""master sorcerer;true""","Ultimate Light","utevo vis lux","75","26","26","0","140","2 * 1000","2 * 1000","False","","","Nenhum","Nenhuma","C:\otserv\data\scripts\spells\support\ultimate_light.lua"
"""druid;true"", ""elder druid;true"", ""sorcerer;true"", ""master sorcerer;true""","Animate Dead Rune","adana mort",,"27","27","0","600","2 * 1000","2 * 1000","False","","","Nenhum","Nenhuma","C:\otserv\data\scripts\spells\conjuring\animate_dead_rune.lua"
"""druid;true"", ""elder druid;true"", ""sorcerer;true"", ""master sorcerer;true""","Fire Bomb Rune","adevo mas flam",,"27","27","0","600","2 * 1000","2 * 1000","False","","","Nenhum","Nenhuma","C:\otserv\data\scripts\spells\conjuring\fire_bomb_rune.lua"
"""druid;true"", ""elder druid;true"", ""sorcerer;true"", ""master sorcerer;true""","Soulfire Rune","adevo res flam",,"27","27","0","420","2 * 1000","2 * 1000","False","","","Nenhum","Nenhuma","C:\otserv\data\scripts\spells\conjuring\soulfire_rune.lua"
"""druid;true"", ""elder druid;true"", ""sorcerer;true"", ""master sorcerer;true""","Poison Wall Rune","adevo mas grav pox",,"29","29","0","640","2 * 1000","2 * 1000","False","","","Nenhum","Nenhuma","C:\otserv\data\scripts\spells\conjuring\poison_wall_rune.lua"
"""druid;true"", ""elder druid;true"", ""sorcerer;true"", ""master sorcerer;true""","Ultimate Healing","exura vita","3","30","30","0","160","1 * 1000","1 * 1000","False","","","Nenhum","Nenhuma","C:\otserv\data\scripts\spells\healing\ultimate_healing.lua"
"""druid;true"", ""elder druid;true"", ""sorcerer;true"", ""master sorcerer;true""","Explosion Rune","adevo mas hur",,"31","31","0","570","2 * 1000","2 * 1000","False","","","Nenhum","Nenhuma","C:\otserv\data\scripts\spells\conjuring\explosion_rune.lua"
"""druid;true"", ""elder druid;true"", ""sorcerer;true"", ""master sorcerer;true""","Fire Wall Rune","adevo mas grav flam",,"33","33","0","780","2 * 1000","2 * 1000","False","","","Nenhum","Nenhuma","C:\otserv\data\scripts\spells\conjuring\fire_wall_rune.lua"
"""druid;true"", ""elder druid;true"", ""sorcerer;true"", ""master sorcerer;true""","Invisibility","utana vid","45","35","35","0","440","2 * 1000","2 * 1000","False","","","Nenhum","Nenhuma","C:\otserv\data\scripts\spells\support\invisible.lua"
"""druid;true"", ""elder druid;true"", ""sorcerer;true"", ""master sorcerer;true""","Energy Wall Rune","adevo mas grav vis",,"41","41","0","1000","2 * 1000","2 * 1000","False","","","Nenhum","Nenhuma","C:\otserv\data\scripts\spells\conjuring\energy_wall_rune.lua"
"""druid;true"", ""elder druid;true"", ""sorcerer;true"", ""master sorcerer;true"", ""monk;true"", ""exalted monk;true""","Strong Haste","utani gran hur","39","20","20","0","100","2 * 1000","2 * 1000","False","","","Nenhum","Nenhuma","C:\otserv\data\scripts\spells\support\strong_haste.lua"
"""druid;true"", ""paladin;true"", ""sorcerer;true"", ""elder druid;true"", ""royal paladin;true"", ""master sorcerer;true""","Blank Rune","adori blank",,"20","20","0","50","2 * 1000","2 * 1000","False","","","Nenhum","Nenhuma","C:\otserv\data\scripts\spells\conjuring\blank_rune.lua"
"""druid;true"", ""sorcerer;true"", ""elder druid;true"", ""master sorcerer;true""","Cancel Magic Shield","exana vita","245","14","14","0","50","2 * 1000","2 * 1000","False","","","Nenhum","Nenhuma","C:\otserv\data\scripts\spells\support\cancel_magic_shield.lua"
"""druid;true"", ""sorcerer;true"", ""elder druid;true"", ""master sorcerer;true""","Ice Strike","exori frigo","112","8","8","0","20","2 * 1000","2 * 1000","False","","","Nenhum","Nenhuma","C:\otserv\data\scripts\spells\attack\ice_strike.lua"
"""druid;true"", ""sorcerer;true"", ""elder druid;true"", ""master sorcerer;true""","Summon Creature","utevo res","9","25","25","0","0","2 * 1000","2 * 1000","True","","","Nenhum","Nenhuma","C:\otserv\data\scripts\spells\support\summon_creature.lua"
"""druid;true"", ""sorcerer;true"", ""elder druid;true"", ""master sorcerer;true""","Restoration","exura max vita","241","300","300","0","260","6 * 1000","1 * 1000","False","","","Nenhum","Nenhuma","C:\otserv\data\scripts\spells\healing\restoration.lua"
"""elite knight;true""","Challenge","exeta res","93","20","20","0","30","2 * 1000","2 * 1000","False","","","Nenhum","Nenhuma","C:\otserv\data\scripts\spells\support\challenge.lua"
"""knight;true"", ""elite knight;true""","Bruise Bane","exura infir ico","170","1","1","0","10","1000","1000","False","","","Nenhum","Nenhuma","C:\otserv\data\scripts\spells\healing\bruise_bane.lua"
"""knight;true"", ""elite knight;true""","Lesser Front Sweep","exori infir min","168","1","1","0","6","6 * 1000","2 * 1000","True","","","Nenhum","Nenhuma","C:\otserv\data\scripts\spells\attack\lesser_front_sweep.lua"
"""knight;true"", ""elite knight;true""","Wound Cleansing","exura ico","123","8","8","0","40","1 * 1000","1 * 1000","False","","","Nenhum","Nenhuma","C:\otserv\data\scripts\spells\healing\wound_cleansing.lua"
"""knight;true"", ""elite knight;true""","Brutal Strike","exori ico","61","16","16","0","30","6 * 1000","2 * 1000","True","","","Nenhum","Nenhuma","C:\otserv\data\scripts\spells\attack\brutal_strike.lua"
"""knight;true"", ""elite knight;true""","Charge","utani tempo hur","131","25","25","0","100","2 * 1000","2 * 1000","False","","","Nenhum","Nenhuma","C:\otserv\data\scripts\spells\support\charge.lua"
"""knight;true"", ""elite knight;true""","Whirlwind Throw","exori hur","107","28","28","0","40","6 * 1000","2 * 1000","True","","","Nenhum","Nenhuma","C:\otserv\data\scripts\spells\attack\whirlwind_throw.lua"
"""knight;true"", ""elite knight;true""","Train Party","utito mas sio","126","32","32","0","60","2 * 1000","2 * 1000","True","","","Nenhum","Nenhuma","C:\otserv\data\scripts\spells\party\train_party.lua"
"""knight;true"", ""elite knight;true""","Groundshaker","exori mas","106","33","33","0","160","8 * 1000","2 * 1000","True","","","Nenhum","Nenhuma","C:\otserv\data\scripts\spells\attack\groundshaker.lua"
"""knight;true"", ""elite knight;true""","Berserk","exori","80","35","35","0","115","4 * 1000","2 * 1000","True","","","Nenhum","Nenhuma","C:\otserv\data\scripts\spells\attack\berserk.lua"
"""knight;true"", ""elite knight;true""","Inflict Wound","utori kor","141","40","40","0","30","30 * 1000","2 * 1000","False","","","Nenhum","Nenhuma","C:\otserv\data\scripts\spells\attack\inflict_wound.lua"
"""knight;true"", ""elite knight;true""","Protector","utamo tempo","132","55","55","0","200","2 * 1000","2 * 1000, 2 * 1000","False","","","Nenhum","Nenhuma","C:\otserv\data\scripts\spells\support\protector.lua"
"""knight;true"", ""elite knight;true""","Blood Rage","utito tempo","133","60","60","0","290","2 * 1000","2 * 1000, 2 * 1000","False","","","Nenhum","Nenhuma","C:\otserv\data\scripts\spells\support\blood_rage.lua"
"""knight;true"", ""elite knight;true""","Front Sweep","exori min","59","70","70","0","200","6 * 1000","2 * 1000","True","","","Nenhum","Nenhuma","C:\otserv\data\scripts\spells\attack\front_sweep.lua"
"""knight;true"", ""elite knight;true""","Intense Wound Cleansing","exura gran ico","158","80","80","0","200","600000","1000","False","","","Nenhum","Nenhuma","C:\otserv\data\scripts\spells\healing\intense_wound_cleansing.lua"
"""knight;true"", ""elite knight;true""","Fierce Berserk","exori gran","105","90","90","0","340","6 * 1000","2 * 1000","True","","","Nenhum","Nenhuma","C:\otserv\data\scripts\spells\attack\fierce_berserk.lua"
"""knight;true"", ""elite knight;true""","Annihilation","exori gran ico","62","110","110","0","300","30 * 1000","2 * 1000","True","","","Nenhum","Nenhuma","C:\otserv\data\scripts\spells\attack\annihilation.lua"
"""knight;true"", ""elite knight;true""","Chivalrous Challenge","exeta amp res","237","150","150","0","80","2 * 1000","2 * 1000","True","","","Nenhum","Nenhuma","C:\otserv\data\scripts\spells\support\chivalrous_challenge.lua"
"""knight;true"", ""elite knight;true""","Knight familiar","utevo gran res eq",,"200","200","0","1000","0","2 * 1000","False","","","Nenhum","Nenhuma","C:\otserv\data\scripts\spells\familiar\knight_familiar.lua"
"""knight;true"", ""elite knight;true""","Avatar of Steel","uteta res eq","264","300","300","0","800","2 * 60 * 60 * 1000","2 * 1000","True","","","Nenhum","Nenhuma","C:\otserv\data\scripts\spells\support\avatar_of_steel.lua"
"""knight;true"", ""elite knight;true""","Executioner's Throw","exori amp kor","261","300","300","0","225","18 * 1000","2 * 1000","True","","","Nenhum","Nenhuma","C:\otserv\data\scripts\spells\attack\executioners_throw.lua"
"""knight;true"", ""elite knight;true""","Fair Wound Cleansing","exura med ico","239","300","300","0","90","1000","1000","False","","","Nenhum","Nenhuma","C:\otserv\data\scripts\spells\healing\fair_wound_cleansing.lua"
"""knight;true"", ""elite knight;true"", ""paladin;true"", ""royal paladin;true""","Recovery","utura","159","50","50","0","75","1 * 60 * 1000","1 * 1000","False","","","Nenhum","Nenhuma","C:\otserv\data\scripts\spells\healing\recovery.lua"
"""knight;true"", ""elite knight;true"", ""paladin;true"", ""royal paladin;true""","Intense Recovery","utura gran","160","100","100","0","165","cooldown","1000","False","","","Nenhum","Nenhuma","C:\otserv\data\scripts\spells\healing\intense_recovery.lua"
"""master sorcerer;true""","Enchant Staff","exeta vis","92","41","41","0","80","2 * 1000","2 * 1000","False","","SIM","ID duplicado; pode afetar display/lista/hotkey do client, mas nao gera level insuficiente diretamente.","Nenhuma","C:\otserv\data\scripts\spells\conjuring\enchant_staff.lua"
"""monk;true"", ""exalted monk;true""","Swift Jab","exori infir pug","284","1","1","0","3","2 * 1000","2 * 1000","False","","","Nenhum","Nenhuma","C:\otserv\data\scripts\spells\attack\swift_jab.lua"
"""monk;true"", ""exalted monk;true""","Tiger Clash","exori infir nia","291","1","1","0","18","8 * 1000","2 * 1000","False","","","Nenhum","Nenhuma","C:\otserv\data\scripts\spells\attack\tiger_clash.lua"
"""monk;true"", ""exalted monk;true""","Double Jab","exori pug","285","14","14","0","30","4 * 1000","2 * 1000","False","","","Nenhum","Nenhuma","C:\otserv\data\scripts\spells\attack\double_jab.lua"
"""monk;true"", ""exalted monk;true""","Greater Tiger Clash","exori nia","292","18","18","0","50","8 * 1000","2 * 1000","False","","","Nenhum","Nenhuma","C:\otserv\data\scripts\spells\attack\greater_tiger_clash.lua"
"""monk;true"", ""exalted monk;true""","Restore Balance","exura tio sio","297","18","18","0","120","2 * 1000","1 * 1000","False","","","Nenhum","Nenhuma","C:\otserv\data\scripts\spells\healing\restore_balance.lua"
"""monk;true"", ""exalted monk;true""","Virtue of Harmony","utori virtu","274","20","20","0","210","2 * 1000","2 * 1000","False","","","Nenhum","Nenhuma","C:\otserv\data\scripts\spells\support\virtue_of_harmony.lua"
"""monk;true"", ""exalted monk;true""","Virtue of Justice","utito virtu","275","20","20","0","210","10 * 1000","2 * 1000","False","","","Nenhum","Nenhuma","C:\otserv\data\scripts\spells\support\virtue_of_justice.lua"
"""monk;true"", ""exalted monk;true""","Virtue of Sustain","utura tio","276","20","20","0","210","2 * 1000","2 * 1000","False","","","Nenhum","Nenhuma","C:\otserv\data\scripts\spells\support\virtue_of_sustain.lua"
"""monk;true"", ""exalted monk;true""","Mystic Repulse","exori amp pug","290","30","30","0","150","14 * 1000","2 * 1000","False","","","Nenhum","Nenhuma","C:\otserv\data\scripts\spells\attack\mystic_repulse.lua"
"""monk;true"", ""exalted monk;true""","Enlighten Party","utevo mas sio","278","32","32","0","75","5 * 60 * 1000","1 * 1000","True","","","Nenhum","Nenhuma","C:\otserv\data\scripts\spells\party\enlighten_party.lua"
"""monk;true"", ""exalted monk;true""","Flurry of Blows","exori mas pug","287","35","35","0","110","4 * 1000","2 * 1000","False","","","Nenhum","Nenhuma","C:\otserv\data\scripts\spells\attack\flurry_of_blows.lua"
"""monk;true"", ""exalted monk;true""","Sweeping Takedown","exori mas nia","294","60","60","0","195","8 * 1000","2 * 1000","False","","","Nenhum","Nenhuma","C:\otserv\data\scripts\spells\attack\sweeping_takedown.lua"
"""monk;true"", ""exalted monk;true""","Chained Penance","exori med pug","288","70","70","0","180","4 * 1000","2 * 1000","True","","","Nenhum","Nenhuma","C:\otserv\data\scripts\spells\attack\chained_penance.lua"
"""monk;true"", ""exalted monk;true""","Spirit Mend","exura gran tio","273","80","80","0","210","1000","1000","False","","","Nenhum","Nenhuma","C:\otserv\data\scripts\spells\healing\spirit_mend.lua"
"""monk;true"", ""exalted monk;true""","Greater Flurry of Blows","exori gran mas pug","289","90","90","0","300","10 * 1000","2 * 1000","False","","","Nenhum","Nenhuma","C:\otserv\data\scripts\spells\attack\greater_flurry_of_blows.lua"
"""monk;true"", ""exalted monk;true""","Forceful Uppercut","exori gran pug","286","110","110","0","325","40 * 1000","2 * 1000","False","","","Nenhum","Nenhuma","C:\otserv\data\scripts\spells\attack\forceful_uppercut.lua"
"""monk;true"", ""exalted monk;true""","Devastating Knockout","exori gran nia","293","125","125","0","210","24 * 1000","2 * 1000","False","","","Nenhum","Nenhuma","C:\otserv\data\scripts\spells\attack\devastating_knockout.lua"
"""monk;true"", ""exalted monk;true""","Focus Serenity","utamo tio","281","150","150","0","500","10 * 60 * 1000","2 * 1000","False","","","Nenhum","Nenhuma","C:\otserv\data\scripts\spells\support\focus_serenity.lua"
"""monk;true"", ""exalted monk;true""","Mass Spirit Mend","exura mas nia","296","150","150","0","250","8 * 1000","2 * 1000","True","","","Nenhum","Nenhuma","C:\otserv\data\scripts\spells\healing\mass_spirit_mend.lua"
"""monk;true"", ""exalted monk;true""","Mentor Other","uteta tio","277","150","150","0","110","2 * 1000","2 * 1000","False","","","Nenhum","Nenhuma","C:\otserv\data\scripts\spells\support\mentor_other.lua"
"""monk;true"", ""exalted monk;true""","Balanced Brawl","exori mas res","280","175","175","0","80","10000","2000","True","","","Nenhum","Nenhuma","C:\otserv\data\scripts\spells\support\balanced_brawl.lua"
"""monk;true"", ""exalted monk;true""","Monk Familiar","utevo gran res tio",,"200","200","0","1500","0","2 * 1000","False","","","Nenhum","Nenhuma","C:\otserv\data\scripts\spells\familiar\monk_familiar.lua"
"""monk;true"", ""exalted monk;true""","Focus Harmony","utevo nia","279","275","275","0","500","2 * 60 * 1000","2 * 1000","False","","","Nenhum","Nenhuma","C:\otserv\data\scripts\spells\support\focus_harmony.lua"
"""monk;true"", ""exalted monk;true""","Avatar of Balance","uteta res tio","283","300","300","0","1200","7200000","2000","True","","","Nenhum","Nenhuma","C:\otserv\data\scripts\spells\support\avatar_of_balance.lua"
"""monk;true"", ""exalted monk;true""","Spiritual Outburst","exori gran mas nia","295","300","300","0","425","60 * 1000","2 * 1000","True","","","Nenhum","Nenhuma","C:\otserv\data\scripts\spells\attack\spiritual_outburst.lua"
"""none""","Practise Fire Wave","exevo dis flam hur","167","1","1","0","5","4 * 1000","2 * 1000","False","","","Nenhum","Nenhuma","C:\otserv\data\scripts\spells\attack\practise_fire_wave.lua"
"""none""","Practise Healing","exura dis","166","1","1","0","5","1 * 1000","1 * 1000","False","","","Nenhum","Nenhuma","C:\otserv\data\scripts\spells\healing\practise_healing.lua"
"""none""","Practise Magic Missile","adori dis min vis",,"1","1","0","5","2 * 1000","2 * 1000","False","","","Nenhum","Nenhuma","C:\otserv\data\scripts\spells\conjuring\lightest_magic_missile_rune.lua"
"""paladin;true"", ""royal paladin;true""","Arrow Call","exevo infir con","176","1","1","0","10","2 * 1000","2 * 1000","False","","","Nenhum","Nenhuma","C:\otserv\data\scripts\spells\conjuring\arrow_call.lua"
"""paladin;true"", ""royal paladin;true""","Lesser Ethereal Spear","exori infir con","169","1","1","0","6","2 * 1000","2 * 1000","True","","SIM","ID duplicado; pode afetar display/lista/hotkey do client, mas nao gera level insuficiente diretamente.","Nenhuma","C:\otserv\data\scripts\spells\attack\lesser_ethereal_spear.lua"
"""paladin;true"", ""royal paladin;true""","Conjure Arrow","exevo con","51","13","13","0","100","2 * 1000","2 * 1000","False","","","Nenhum","Nenhuma","C:\otserv\data\scripts\spells\conjuring\conjure_arrow.lua"
"""paladin;true"", ""royal paladin;true""","Conjure Poisoned Arrow","exevo con pox","48","16","16","0","130","2 * 1000","2 * 1000","False","","","Nenhum","Nenhuma","C:\otserv\data\scripts\spells\conjuring\conjure_poisoned_arrow.lua"
"""paladin;true"", ""royal paladin;true""","Conjure Bolt","exevo con mort","79","17","17","0","140","2 * 1000","2 * 1000","False","","","Nenhum","Nenhuma","C:\otserv\data\scripts\spells\conjuring\conjure_bolt.lua"
"""paladin;true"", ""royal paladin;true""","Ethereal Spear","exori con","111","23","23","0","25","2 * 1000","2 * 1000","True","","","Nenhum","Nenhuma","C:\otserv\data\scripts\spells\attack\ethereal_spear.lua"
"""paladin;true"", ""royal paladin;true""","Conjure Sniper Arrow","exevo con hur","108","24","24","0","160","2 * 1000","2 * 1000","False","","","Nenhum","Nenhuma","C:\otserv\data\scripts\spells\conjuring\conjure_sniper_arrow.lua"
"""paladin;true"", ""royal paladin;true""","Conjure Explosive Arrow","exevo con flam","49","25","25","0","290","2 * 1000","2 * 1000","False","","","Nenhum","Nenhuma","C:\otserv\data\scripts\spells\conjuring\conjure_explosive_arrow.lua"
"""paladin;true"", ""royal paladin;true""","Cancel Invisibility","exana ina","90","26","26","0","200","2 * 1000","2 * 1000","False","","","Nenhum","Nenhuma","C:\otserv\data\scripts\spells\support\cancel_invisibility.lua"
"""paladin;true"", ""royal paladin;true""","Holy Missile Rune","adori san",,"27","27","0","300","2 * 1000","2 * 1000","False","","","Nenhum","Nenhuma","C:\otserv\data\scripts\spells\conjuring\holy_missile_rune.lua"
"""paladin;true"", ""royal paladin;true""","Protect Party","utamo mas sio","127","32","32","0","90","2 * 1000","2 * 1000","True","","","Nenhum","Nenhuma","C:\otserv\data\scripts\spells\party\protect_party.lua"
"""paladin;true"", ""royal paladin;true""","Conjure Piercing Bolt","exevo con grav","109","33","33","0","180","2 * 1000","2 * 1000","False","","","Nenhum","Nenhuma","C:\otserv\data\scripts\spells\conjuring\conjure_piercing_bolt.lua"
"""paladin;true"", ""royal paladin;true""","Divine Healing","exura san","125","35","35","0","160","1000","1000","False","","","Nenhum","Nenhuma","C:\otserv\data\scripts\spells\healing\divine_healing.lua"
"""paladin;true"", ""royal paladin;true""","Divine Missile","exori san","122","40","40","0","20","2 * 1000","2 * 1000","False","","","Nenhum","Nenhuma","C:\otserv\data\scripts\spells\attack\divine_missile.lua"
"""paladin;true"", ""royal paladin;true""","Enchant Spear","exeta con","110","45","45","0","350","2 * 1000","2 * 1000","False","","","Nenhum","Nenhuma","C:\otserv\data\scripts\spells\conjuring\enchant_spear.lua"
"""paladin;true"", ""royal paladin;true""","Divine Caldera","exevo mas san","124","50","50","0","160","4 * 1000","2 * 1000","False","","","Nenhum","Nenhuma","C:\otserv\data\scripts\spells\attack\divine_caldera.lua"
"""paladin;true"", ""royal paladin;true""","Swift Foot","utamo tempo san","134","55","55","0","400","10 * 1000","2 * 1000, 10 * 1000","True","","","Nenhum","Nenhuma","C:\otserv\data\scripts\spells\support\swift_foot.lua"
"""paladin;true"", ""royal paladin;true""","Salvation","exura gran san","36","60","60","0","210","1000","1000","False","","","Nenhum","Nenhuma","C:\otserv\data\scripts\spells\healing\salvation.lua"
"""paladin;true"", ""royal paladin;true""","Sharpshooter","utito tempo san","135","60","60","0","450","10 * 1000","2 * 1000, 10 * 1000","True","","","Nenhum","Nenhuma","C:\otserv\data\scripts\spells\support\sharpshooter.lua"
"""paladin;true"", ""royal paladin;true""","Holy Flash","utori san","143","70","70","0","30","40 * 1000","2 * 1000","False","","","Nenhum","Nenhuma","C:\otserv\data\scripts\spells\attack\holy_flash.lua"
"""paladin;true"", ""royal paladin;true""","Cure Curse","exana mort","147","80","80","0","40","6000","1000","False","","","Nenhum","Nenhuma","C:\otserv\data\scripts\spells\healing\cure_curse.lua"
"""paladin;true"", ""royal paladin;true""","Strong Ethereal Spear","exori gran con","57","90","90","0","55","8 * 1000","2 * 1000","True","","","Nenhum","Nenhuma","C:\otserv\data\scripts\spells\attack\strong_ethereal_spear.lua"
"""paladin;true"", ""royal paladin;true""","Conjure Royal Star","exevo gran con grav","191","150","150","0","1000","2 * 1000","2 * 1000","False","","","Nenhum","Nenhuma","C:\otserv\data\scripts\spells\conjuring\conjure_royal_star.lua"
"""paladin;true"", ""royal paladin;true""","Paladin familiar","utevo gran res sac",,"200","200","0","2000","0","2 * 1000","False","","","Nenhum","Nenhuma","C:\otserv\data\scripts\spells\familiar\paladin_familiar.lua"
"""paladin;true"", ""royal paladin;true""","Divine Dazzle","exana amp res","238","250","250","0","80","16 * 1000","2 * 1000","True","","","Nenhum","Nenhuma","C:\otserv\data\scripts\spells\support\divine_dazzle.lua"
"""paladin;true"", ""royal paladin;true""","Avatar of Light","uteta res sac","265","300","300","0","1500","2 * 60 * 60 * 1000","2 * 1000","True","","","Nenhum","Nenhuma","C:\otserv\data\scripts\spells\support\avatar_of_light.lua"
"""paladin;true"", ""royal paladin;true""","Divine Empowerment","utevo grav san","268","300","300","0","500","32 * 1000","2 * 1000","True","","","Nenhum","Nenhuma","C:\otserv\data\scripts\spells\support\divine_empowerment.lua"
"""paladin;true"", ""royal paladin;true""","Divine Grenade","exevo tempo mas san","258","300","300","0","160","26 * 1000","2 * 1000","True","","","Nenhum","Nenhuma","C:\otserv\data\scripts\spells\attack\divine_grenade.lua"
"""royal paladin;true""","Conjure Power Bolt","exevo con vis","95","59","59","0","700","2 * 1000","2 * 1000","False","","","Nenhum","Nenhuma","C:\otserv\data\scripts\spells\conjuring\conjure_power_bolt.lua"
"""sorcerer;true"", ""druid;true"", ""master sorcerer;true"", ""elder druid;true""","Flame Strike","exori flam","89","14","14","0","20","2 * 1000","2 * 1000","False","","","Nenhum","Nenhuma","C:\otserv\data\scripts\spells\attack\flame_strike.lua"
"""sorcerer;true"", ""master sorcerer;true""","Buzz","exori infir vis","177","1","1","0","6","2 * 1000","2 * 1000","False","","","Nenhum","Nenhuma","C:\otserv\data\scripts\spells\attack\buzz.lua"
"""sorcerer;true"", ""master sorcerer;true""","Scorch","exevo infir flam hur","178","1","1","0","8","4 * 1000","2 * 1000","False","","","Nenhum","Nenhuma","C:\otserv\data\scripts\spells\attack\scorch.lua"
"""sorcerer;true"", ""master sorcerer;true""","Death Strike","exori mort","87","16","16","0","20","2 * 1000","2 * 1000","False","","","Nenhum","Nenhuma","C:\otserv\data\scripts\spells\attack\death_strike.lua"
"""sorcerer;true"", ""master sorcerer;true""","Fire Wave","exevo flam hur","19","18","18","0","25","4 * 1000","2 * 1000","False","","","Nenhum","Nenhuma","C:\otserv\data\scripts\spells\attack\fire_wave.lua"
"""sorcerer;true"", ""master sorcerer;true""","Energy Beam","exevo vis lux","22","23","23","0","40","4 * 1000","2 * 1000","False","","","Nenhum","Nenhuma","C:\otserv\data\scripts\spells\attack\energy_beam.lua"
"""sorcerer;true"", ""master sorcerer;true""","Ignite","utori flam","138","26","26","0","30","30 * 1000","2 * 1000","False","","","Nenhum","Nenhuma","C:\otserv\data\scripts\spells\attack\ignite.lua"
"""sorcerer;true"", ""master sorcerer;true""","Fireball Rune","adori flam",,"27","27","0","460","2 * 1000","2 * 1000","False","","","Nenhum","Nenhuma","C:\otserv\data\scripts\spells\conjuring\fireball_rune.lua"
"""sorcerer;true"", ""master sorcerer;true""","Thunderstorm Rune","adori mas vis",,"28","28","0","430","2 * 1000","2 * 1000","False","","","Nenhum","Nenhuma","C:\otserv\data\scripts\spells\conjuring\thunderstorm_rune.lua"
"""sorcerer;true"", ""master sorcerer;true""","Great Energy Beam","exevo gran vis lux","23","29","29","0","110","6 * 1000","2 * 1000, 6 * 1000","False","","","Nenhum","Nenhuma","C:\otserv\data\scripts\spells\attack\great_energy_beam.lua"
"""sorcerer;true"", ""master sorcerer;true""","Great Fireball Rune","adori mas flam",,"30","30","0","530","2 * 1000","2 * 1000","False","","","Nenhum","Nenhuma","C:\otserv\data\scripts\spells\conjuring\great_fireball_rune.lua"
"""sorcerer;true"", ""master sorcerer;true""","Enchant Party","utori mas sio","129","32","32","0","120","2 * 1000","2 * 1000","True","","","Nenhum","Nenhuma","C:\otserv\data\scripts\spells\party\enchant_party.lua"
"""sorcerer;true"", ""master sorcerer;true""","Magic Wall Rune","adevo grav tera",,"32","32","0","750","2 * 1000","2 * 1000","False","","","Nenhum","Nenhuma","C:\otserv\data\scripts\spells\conjuring\magic_wall_rune.lua"
"""sorcerer;true"", ""master sorcerer;true""","Electrify","utori vis","140","34","34","0","30","30 * 1000","2 * 1000","False","","","Nenhum","Nenhuma","C:\otserv\data\scripts\spells\attack\electrify.lua"
"""sorcerer;true"", ""master sorcerer;true""","Energy Bomb Rune","adevo mas vis",,"37","37","0","880","2 * 1000","2 * 1000","False","","","Nenhum","Nenhuma","C:\otserv\data\scripts\spells\conjuring\energy_bomb_rune.lua"
"""sorcerer;true"", ""master sorcerer;true""","Energy Wave","exevo vis hur","13","38","38","0","170","8 * 1000","2 * 1000","False","","","Nenhum","Nenhuma","C:\otserv\data\scripts\spells\attack\energy_wave.lua"
"""sorcerer;true"", ""master sorcerer;true""","Great Fire Wave","exevo gran flam hur","240","38","38","0","120","4 * 1000","2 * 1000","False","","","Nenhum","Nenhuma","C:\otserv\data\scripts\spells\attack\great_fire_wave.lua"
"""sorcerer;true"", ""master sorcerer;true""","Conjure Wand of Darkness","exevo gran mort","92","41","41","0","250","30 * 60 * 1000","2 * 1000","False","","SIM","ID duplicado; pode afetar display/lista/hotkey do client, mas nao gera level insuficiente diretamente.","Nenhuma","C:\otserv\data\scripts\spells\conjuring\conjure_wand_of_darkness.lua"
"""sorcerer;true"", ""master sorcerer;true""","Sudden Death Rune","adori gran mort",,"45","45","0","985","2 * 1000","2 * 1000","False","","","Nenhum","Nenhuma","C:\otserv\data\scripts\spells\conjuring\sudden_death_rune.lua"
"""sorcerer;true"", ""master sorcerer;true""","Lightning","exori amp vis","149","55","55","0","60","8 * 1000","2 * 1000, 8 * 1000","False","","","Nenhum","Nenhuma","C:\otserv\data\scripts\spells\attack\lightning.lua"
"""sorcerer;true"", ""master sorcerer;true""","Rage of the Skies","exevo gran mas vis","119","55","55","0","600","40 * 1000","4 * 1000, 40 * 1000","False","","","Nenhum","Nenhuma","C:\otserv\data\scripts\spells\attack\rage_of_the_skies.lua"
"""sorcerer;true"", ""master sorcerer;true""","Hell's Core","exevo gran mas flam","24","60","60","0","1100","40 * 1000","4 * 1000, 40 * 1000","False","","","Nenhum","Nenhuma","C:\otserv\data\scripts\spells\attack\hells_core.lua"
"""sorcerer;true"", ""master sorcerer;true""","Great Death Beam","exevo max mort","260","66","66","0","140","10 * 1000","2 * 1000, 6 * 1000","True","","","Corrigida anteriormente: estava como level 300/Wheel; requisito atual usado pelo servidor e 66 com grade base quando sem Wheel.","Mantido level 66 e fallback grade 1.","C:\otserv\data\scripts\spells\attack\great_death_beam.lua"
"""sorcerer;true"", ""master sorcerer;true""","Strong Flame Strike","exori gran flam","150","70","70","0","60","8 * 1000","2 * 1000, 8 * 1000","False","","","Nenhum","Nenhuma","C:\otserv\data\scripts\spells\attack\strong_flame_strike.lua"
"""sorcerer;true"", ""master sorcerer;true""","Curse","utori mort","139","75","75","0","30","40 * 1000","2 * 1000","False","","","Nenhum","Nenhuma","C:\otserv\data\scripts\spells\attack\curse.lua"
"""sorcerer;true"", ""master sorcerer;true""","Strong Energy Strike","exori gran vis","151","80","80","0","60","8 * 1000","2 * 1000, 8 * 1000","False","","","Nenhum","Nenhuma","C:\otserv\data\scripts\spells\attack\strong_energy_strike.lua"
"""sorcerer;true"", ""master sorcerer;true""","Ultimate Flame Strike","exori max flam","154","90","90","0","100","30 * 1000","2 * 1000, 30 * 1000","False","","","Nenhum","Nenhuma","C:\otserv\data\scripts\spells\attack\ultimate_flame_strike.lua"
"""sorcerer;true"", ""master sorcerer;true""","Ultimate Energy Strike","exori max vis","155","100","100","0","100","30 * 1000","2 * 1000, 30 * 1000","False","","","Nenhum","Nenhuma","C:\otserv\data\scripts\spells\attack\ultimate_energy_strike.lua"
"""sorcerer;true"", ""master sorcerer;true""","Sorcerer familiar","utevo gran res ven",,"200","200","0","3000","0","2 * 1000","False","","","Nenhum","Nenhuma","C:\otserv\data\scripts\spells\familiar\sorcerer_familiar.lua"
"""sorcerer;true"", ""master sorcerer;true""","Expose Weakness","exori moe","243","275","275","0","400","12 * 1000","2 * 1000, 12 * 1000","True","","","Nenhum","Nenhuma","C:\otserv\data\scripts\spells\support\expose_weakness.lua"
"""sorcerer;true"", ""master sorcerer;true""","Sap Strength","exori kor","244","275","275","0","300","12 * 1000","2 * 1000, 12 * 1000","True","","","Nenhum","Nenhuma","C:\otserv\data\scripts\spells\support\sap_strength.lua"
"""sorcerer;true"", ""master sorcerer;true""","Avatar of Storm","uteta res ven","266","300","300","0","2200","2 * 60 * 60 * 1000","2 * 1000","True","","","Nenhum","Nenhuma","C:\otserv\data\scripts\spells\support\avatar_of_storm.lua"
